"id_training_data";"id_berita";"id_topik";"berita";"training_class"
"5451";"1";"1";"20 Orang Terindikasi Masih Tertimbun Longsor Sukabumi";"None"
"5452";"2";"1";"Tabrakan Karambol di Sukoharjo, Seorang Bocah Tewas";"None"
"5453";"3";"1";"Detik-detik Bapak dan 2 Anaknya Tewas Tenggelam di Jurug Gue";"None"
"5454";"4";"1";"Polisi Sterilkan Akses ke Area Longsor Kampung Adat Sukabumi";"None"
"5455";"5";"1";"Peras Sekdes, Kades di Lamongan Kena OTT";"None"
"5456";"6";"1";"Ziarah Makam, Sandiaga Ingin Teladani Sifat Sunan Ampel";"None"
"5457";"7";"1";"Cuaca Buruk, Banyak Wisatawan di Karimunjawa Tak Bisa Pulang";"None"
"5458";"8";"1";"Libur Tahun Baru, Wahana Wisata di Surabaya Ini Ramai Diserbu Warga";"None"
"5459";"9";"1";"Dijanjikan Perbaikan Jalan ke TPST Piyungan, Aksi Blokir Disetop";"None"
"5460";"10";"1";"3 Wisatawan Tewas Tenggelam di Jurug Gue Bapak dan 2 Anak";"None"
"5461";"11";"1";"SAR: Ombak Pantai Gunungkidul Masih Aman untuk Wisatawan";"None"
"5462";"12";"1";"Jumlah Penumpang Bandara Yogya Selama 2018 Tembus 8,4 Juta Orang";"None"
"5463";"13";"1";"Polda Jabar Kirim Tim DVI Identifikasi Korban Longsor Sukabumi";"None"
"5464";"14";"1";"Lautan Warga Hambat Tim Saat Pencarian Korban Longsor Sukabumi";"None"
"5465";"15";"1";"Saat Sandiaga Beri Motivasi Emak-emak Pelaku UMKM di Surabaya";"None"
"5466";"16";"1";"Dihentikan Sementara, Korban Tewas Longsor Sukabumi 15 Orang";"None"
"5467";"17";"1";"Seniman Muda Banyuwangi Diundang Tampil di Festival Janadriyah";"None"
"5468";"18";"1";"Tiga Wisatawan Tewas Tenggelam di Air Terjun Jurug Gue Trenggalek";"None"
"5469";"19";"1";"Video Hubungan Intim Ancam Disebar, Wanita Bersuami Diperas Kekasih";"None"
"5470";"20";"1";"Sowan ke Ponpes di Sidoarjo, Sandi Diwejang Tingkatkan Ekonomi Umat";"None"
"5471";"21";"1";"Respons Denden soal Dipecat Golkar Garut Gegara Dukung Prabowo";"None"
"5472";"22";"1";"BNPB: 13 Meninggal dan 20 Jiwa Belum Ditemukan";"None"
"5473";"23";"1";"Kasus Aborsi di Bojonegoro, Seorang Pria Diamankan";"None"
"5474";"24";"1";"Pemda DIY Segera Perbaiki Jalan Rusak ke TPST Piyungan";"None"
"5475";"25";"1";"Dibesuk Sandiaga, Kades Pendukung: Pak Sandi Jangan Kendor";"None"
"5476";"26";"1";"Kagumi Drone Bikinan Pelajar SMK, Sandiaga: Ini Baru Milenial";"None"
"5477";"27";"1";"Terdampak Tsunami, Target Kunjungan Wisata di Gunungkidul Gagal";"None"
"5478";"28";"1";"Moratorium Dicabut, Pemkot Yogya Kembali Buka Izin Pembangunan Hotel";"None"
"5479";"29";"1";"1,5 Bulan, Polisi di Lumajang Tembak Kaki 9 Pelaku Kejahatan";"None"
"5480";"30";"1";"Tingkat Inflasi Kota Kediri Tahun 2018 Disebut Terendah se-Jawa Bali";"None"
"5481";"31";"1";"Napi Asal Nigeria Meninggal di Lapas Permisan Nusakambangan";"None"
"5482";"32";"1";"Mahasiswa yang Dikabarkan Kerja Paksa di Taiwan Tak Lewat Kemenristek";"None"
"5483";"33";"1";"Detik-detik Pelajar di Sidoarjo Kubur Bayinya Hidup-hidup";"None"
"5484";"34";"1";"Kabar Duka, Paman Presiden Jokowi Meninggal di Jeddah";"None"
"5485";"35";"1";"Hii... Mayat Pria Tanpa Kepala Ditemukan di Pantai Malang Selatan";"None"
"5486";"36";"1";"Sandi Disawer Pendukungnya di Surabaya Rp 6,1 Juta";"None"
"5487";"37";"1";"Kades Terpidana Pemilu Dibesuk Sandiaga, Istri: Saya Ikut Semangat";"None"
"5488";"38";"1";"Cerita Ayah-Anak Selamat saat Longsor Terjang Kampung Adat";"None"
"5489";"39";"1";"Begal dan Pencurian Motor di Pasuruan Masih Marak Sepanjang 2018";"None"
"5490";"40";"1";"Tolak Temui ORI Terkait Dugaan Perkosaan, Rektor UGM Beri Penjelasan";"None"
"5491";"41";"1";"Satgas Terpadu Pulihkan Trauma Korban Selamat Longsor Sukabumi";"None"
"5492";"42";"1";"Polisi Selidiki Dugaan Korupsi Pembangunan Jembatan di Garut";"None"
"5493";"43";"1";"2 Warga Banjarnegara Terjebak Banjir Saat Perbaiki Alat Berat";"None"
"5494";"44";"1";"Janji Ridwan Kamil dan Duka Nestapa Kakak-Adik Korban Longsor";"None"
"5495";"45";"1";"Gagal Bawa Kabur Hasil Curian, Maling Motor Kritis Dimassa";"None"
"5496";"46";"1";"Perkosa Anak Tiri, Pria ini Cuma Bisa Menangis di Depan Polisi";"None"
"5497";"47";"1";"Petugas Angkat 5 Mayat Tertimbun Longsor Kampung Adat Sukabumi";"None"
"5498";"48";"1";"Banyuwangi Gandeng BUMN Kembangkan Kaum Milenial Pesantren";"None"
"5499";"49";"1";"Motor Diseruduk Mobil, Pasutri Jatuh Lalu Tewas Terlindas Truk";"None"
"5500";"50";"1";"Janji Ditagih Pedagang Pasar Tunjungan, Begini Respons PD Pasar Surya";"None"
"5501";"51";"1";"Kemenristek Rapat Hadapi Era Disrupsi dan Siapkan SDM Millenial";"None"
"5502";"52";"1";"2 Warga Surabaya Tewas Usai Pesta Miras Oplosan di Malam Tahun Baru";"None"
"5503";"53";"1";"Pendapatan Turun, Ojek Konvensional di Wonosobo Tolak Ojol";"None"
"5504";"54";"1";"Detik-detik Pasangan Mahasiswi-Santri di Kediri Buang Bayi Mereka";"None"
"5505";"55";"1";"Pedagang Pasar Tunjungan Tagih Janji Pemkot Surabaya";"None"
"5506";"56";"1";"Kuliah ke Luar Negeri, Disarankan Komunikasi dengan Kemenristek";"None"
"5507";"57";"1";"Hasan Aminuddin: Saya Dengar Sendiri Jokowi Lantunkan Bacaan Salat";"None"
"5508";"58";"1";"Jelang Dhaup Ageng, 4 Masjid Pakualaman Gelar Doa Bersama";"None"
"5509";"59";"1";"Bus Vs Truk di Banyuwangi, Tiga Orang Luka";"None"
"5510";"60";"1";"Ada Perusakan Nisan di Magelang, Gubernur Ganjar: Laporkan Polisi";"None"
"5511";"61";"1";"Ganjar Ingin SKTM Tidak Berlaku di Penerimaan Siswa Baru";"None"
"5512";"62";"1";"4 Mayat Ditemukan, Petugas Masih Cari 11 Korban Longsor Sukabumi";"None"
"5513";"63";"1";"Ridwan Kamil Rotasi 24 Pejabat Pemprov Jabar";"None"
"5514";"64";"1";"PKS Tak Hiraukan Garbi Muncul di Jabar";"None"
"5515";"65";"1";"Survei SSI, Warga Kediri 70% Pilih Jokowi-Ma'ruf Amin";"None"
"5516";"66";"1";"Mahasiswa Kerja Paksa di Taiwan, Menristek: Ada Permainan Disana";"None"
"5517";"67";"1";"Ketua DPC Gerindra Bondowoso Jadi Tersangka Penipuan Rp 700 Juta";"None"
"5518";"68";"1";"Berkah Nurhadi Jadi 'Capres Dagelan': Orderan Kaosnya Melonjak";"None"
"5519";"69";"1";"Catat! Seleksi Masuk PTN Tahun Ini Akan Diubah Menjadi Begini";"None"
"5520";"70";"1";"Mobil Isi 7 Orang Terguling di Jalur Batu-Mojokerto, 2 Tewas";"None"
"5521";"71";"1";"3 Akun Medsos Dilaporkan ke Polda DIY Soal Surat Suara Tercoblos";"None"
"5522";"72";"1";"10 Unit Bus Suroboyo Baru Resmi Diluncurkan";"None"
"5523";"73";"1";"4 Remaja Putus Sekolah Pelaku Klithih Tertangkap di Sleman";"None"
"5524";"74";"1";"Galian Basemen RS Siloam Diuruk, Perizinan Proyek Harus Diulang";"None"
"5525";"75";"1";"Bermodal Rp 5 Juta, Staf BPBD Banjarnegara Rakit Dektektor Longsor";"None"
"5526";"76";"1";"Warga Tak Terima Penculik 3 Pelajar di Magetan Berdamai, Ini Alasannya";"None"
"5527";"77";"1";"Jelang Dhaup Ageng Pakualaman, Tradisi Midodareni Digelar Malam Nanti";"None"
"5528";"78";"1";"Belasan Rumah di Banyuwangi Terendam Air Sungai yang Meluap";"None"
"5529";"79";"1";"3 Kerajaan dari Yogya dan Solo Ikuti Prosesi Siraman Dhaup Ageng";"None"
"5530";"80";"1";"Proyek Belum Terbayar, Puluhan Rekanan Dinkes Jember Mengadu ke Dewan";"None"
"5531";"81";"1";"Tersisa 2 Orang Belum Ditemukan di Lokasi Longsor Kampung Adat";"None"
"5532";"82";"1";"Lelaki Tanpa Identitas Gantung Diri di Gudang Majun Bandung";"None"
"5533";"83";"1";"Kendala Pencarian Hari Keempat Pendaki Hilang di Gunung Lawu";"None"
"5534";"84";"1";"Milenial Gabung, PPP Optimistis Raih 14 Kursi di DPRD Jabar";"None"
"5535";"85";"1";"Terjadi Hujan Abu di Kawasan Merapi, Begini Penjelasan BPPTKG";"None"
"5536";"86";"1";"Soal Putus Kontrak BPJS-RS, Komisi IX Pertanyakan Akreditasi";"None"
"5537";"87";"1";"Pemkot Surabaya Percantik Kawasan Cagar Budaya";"None"
"5538";"88";"1";"8 Kabupaten di Jatim Rawan Tsunami, Kapolda: akan Gelar Simulasi";"None"
"5539";"89";"1";"Polisi Pastikan Perusak Nisan di Magelang adalah Pelaku Tunggal";"None"
"5540";"90";"1";"Petugas Angkat Mayat Wanita yang Tertimbun Batu di Area Longsor";"None"
"5541";"91";"1";"Tarif Prostitusi Online Artis VA Capai Rp 80 Juta";"None"
"5542";"92";"1";"Muncul Spanduk 'Mahasiswa-Alumni UGM' Desak Andi Arief Ditangkap";"None"
"5543";"93";"1";"Dua Artis Ditangkap dalam Jaringan Prostitusi Online, VA dan AF";"None"
"5544";"94";"1";"Polda Jatim Bongkar Prostitusi Online Libatkan Dua Artis";"None"
"5545";"95";"1";"Pelaku Perusakan Nisan di Magelang Eks Pasien Rumah Sakit Jiwa";"None"
"5546";"96";"1";"Perusak Nisan di 4 Makam Kota Magelang Akhirnya Tertangkap";"None"
"5547";"97";"1";"Detik-detik Panggih, Prosesi Paling Sakral Dhaup Ageng Pakualaman";"None"
"5548";"98";"1";"Polda Jatim Gelar Simulasi Bencana Tsunami di Banyuwangi";"None"
"5549";"99";"1";"Dua Warga Lumajang Carok Gara-gara Berebut Seorang Janda";"None"
"5550";"100";"1";"Pesan dari Kesultanan Sumbawa untuk Calon Putra Mahkota Pakualaman";"None"
"5551";"101";"1";"Ruko Bahan Sepatu di Mojokerto Terbakar, Pemilik Sempat Terjebak";"None"
"5552";"102";"1";"Proses Pencarian Korban Longsor Kampung Adat Dihentikan";"None"
"5553";"103";"1";"Pencarian Pendaki yang Hilang di Lawu Hari Ke-5 Masih Nihil";"None"
"5554";"104";"1";"KPU Beri Pertanyaan Debat, Tim Prabowo: Timses yang Bikin Jawaban";"None"
"5555";"105";"1";"Melihat Kesibukan Suplai Konsumsi Relawan Longsor Kampung Adat";"None"
"5556";"106";"1";"Disambar Kereta di Perlintasan KA, Dua Mahasiswi di Surabaya Kritis";"None"
"5557";"107";"1";"Tanggapan UGM soal Opsi ORI DIY Panggil Paksa Rektor";"None"
"5558";"108";"1";"Bermain di Dekat Palung, Wisatawan Hilang Terseret Ombak Parangtritis";"None"
"5559";"109";"1";"Dua Pelaku Carok Berebut Janda di Lumajang Jadi Tersangka";"None"
"5560";"110";"1";"Tim SAR Masih Mencari Rukesih di Timbunan Longsor Kampung Adat";"None"
"5561";"111";"1";"Perahu Nelayan Terbalik Dihantam Ombak di Bantul, 1 Orang Hilang";"None"
"5562";"112";"1";"Eks Pengelola Pasar Andir Tinggalkan Kerusakan Rp 15 Miliar";"None"
"5563";"113";"1";"Pemancing Ditemukan Tewas Mengambang di Sungai Citanduy Ciamis";"None"
"5564";"114";"1";"Baru Sampai Banjar, Warga Harap KA Pangandaran Bisa Terkoneksi";"None"
"5565";"115";"1";"Tim SAR Temukan Jasad Korban Longsor Kampung Adat yang ke-32";"None"
"5566";"116";"1";"Sopir Ngantuk, Truk Muat Pupuk Tabrak Panther di Ngawi";"None"
"5567";"117";"1";"Bus Rombongan Jemaah Gereja Terperosok di Tol Batang, 1 Orang Tewas";"None"
"5568";"118";"1";"Dalam Sepekan, Ada 3 Orang Tewas Gantung Diri di Gunungkidul";"None"
"5569";"119";"1";"Relawan PMI Bantu Identifikasi Korban Longsor Kampung Adat";"None"
"5570";"120";"1";"3 RS di Solo Diminta Layani Pasien BPJS Lagi Mulai Besok";"None"
"5571";"121";"1";"Fenomena Gunungan Busa di Sungai Hebohkan Warga Jombang";"None"
"5572";"122";"1";"Dugaan Korupsi Anggaran Sampah, 2 Pejabat Dinas LH Madiun Ditahan";"None"
"5573";"123";"1";"Mamih Bandung Sudah 2 Tahun Kendalikan Prostitusi Online";"None"
"5574";"124";"1";"Oded Sinergikan Satgas Anti Rentenir dan Pemuka Agama";"None"
"5575";"125";"1";"Cari Pendaki Hilang di Lawu, Basarnas Lacak HP Korban";"None"
"5576";"126";"1";"Pemkab Garut Pantau Kasus Kepsek Diduga Aniaya Siswa";"None"
"5577";"127";"1";"Polisi Limpahkan Berkas Kasus Pesta Seks di Sleman ke Kejaksaan";"None"
"5578";"128";"1";"Kunker ke Banyuwangi, Wawali Batu Belajar Inovasi Pelayanan Publik";"None"
"5579";"129";"1";"Pikap Muat Telur Sambar Biker di Perempatan Diponegoro";"None"
"5580";"130";"1";"Bupati Lumajang Tegaskan Tak Ada Pengusaha Tambang Bernama Rian";"None"
"5581";"131";"1";"Nelayan Hilang di Pantai Samas, Ditemukan Tewas di Kulon Progo";"None"
"5582";"132";"1";"Cerita Inspirasi Para Penerima Beasiswa Banyuwangi Cerdas";"None"
"5583";"133";"1";"Jumlah Wajib Pajak di Surabaya Meningkat";"None"
"5584";"134";"1";"Warga Tak Paham Aturan Swakelola, Banyumas Banyak Tumpukan Sampah";"None"
"5585";"135";"1";"Pelanggan Vanessa Angel dari Pengusaha Hingga Pejabat";"None"
"5586";"136";"1";"1.000 Tenaga Harian Lepas Pemkab Banyuwangi akan Dirasionalisasi";"None"
"5587";"137";"1";"Bapak Bejat, Perkosa Anak Kandung Hingga Hamil 6 Bulan";"None"
"5588";"138";"1";"2.000 Rumah Tak Layak Huni di Pasuruan Akan Dibedah";"None"
"5589";"139";"1";"13 Desa di Trenggalek Masuk Zona Bahaya Tsunami";"None"
"5590";"140";"1";"Perampok Sekap Suami-Istri Lansia di Bandung";"None"
"5591";"141";"1";"Nelangsa Pemuda Soreang Bandung Terbaring Tak Berdaya";"None"
"5592";"142";"1";"Bikers Brotherhood Bantah Deklarasi Dukung Jokowi-Ma'ruf";"None"
"5593";"143";"1";"Sebar Video Hoaks Polisi Ciamis Pungli, Pria Karawang Ditangkap";"None"
"5594";"144";"1";"Polisi Ragukan Pengakuan Kuli Bangunan Diserang Hewan Buas";"None"
"5595";"145";"1";"Menteri Jonan Heran Hanya 80 Nelayan Pasuruan Terima Konverter Kit";"None"
"5596";"146";"1";"Eks Pelatih Persigar: Wasit Nurul Korban Mafia Bola";"None"
"5597";"147";"1";"Sultan HB X akan Promosikan Bandara Kulon Progo di Finlandia";"None"
"5598";"148";"1";"Kata Dokter soal Kuli Bangunan Ngaku Terluka Diserang Hewan Buas";"None"
"5599";"149";"1";"Mobdin Disita Polisi, Ini Pengakuan Wakil Ketua DPRD Gunungkidul";"None"
"5600";"150";"1";"Pendaki Hilang di Gunung Lawu, Apakah Diserang Hewan Buas?";"None"
"5601";"151";"1";"Sopir Travel di Bandung Terapkan Standar Tarif Jasa Wisata";"None"
"5602";"152";"1";"Korupsi Rp 1 Miliar, Mantan Dirut PDAM Mojokerto Ditahan";"None"
"5603";"153";"1";"Calegnya Ditahan, DPC PPP Rembang Tak Ikut Campur";"None"
"5604";"154";"1";"Kiprah 4 Tahun Aiptu Sutomo Untuk Warga Diganjar Penghargaan";"None"
"5605";"155";"1";"Gempa M 5,4 di Sukabumi, BPBD Belum Terima Laporan Kerusakan";"None"
"5606";"156";"1";"Mobdin Wakil Ketua DPRD Gunungkidul Disita Polisi, Kenapa?";"None"
"5607";"157";"1";"Saat Jonan Dicurhati 2.100 Rumah di Probolinggo Belum Teraliri Listrik";"None"
"5608";"158";"1";"Ngabalin: Bandara Kulon Progo Dikebut Bukan Kepentingan Politik Jokowi";"None"
"5609";"159";"1";"Pencuri yang Awalnya Diduga Babi Ngepet di Jombang Ditangkap";"None"
"5610";"160";"1";"Jonan Resmikan Jaringan Gas Bumi Rumah Tangga di Kota Pasuruan";"None"
"5611";"161";"1";"Sindikat Pembobol ATM di Garut Diciduk";"None"
"5612";"162";"1";"Heboh Video Babi Ngepet di Garut, Begini Faktanya";"None"
"5613";"163";"1";"Aksi Kawanan Pencuri Todong Pegawai Kafe di Tasik Terekam CCTV";"None"
"5614";"164";"1";"Razia, Polisi Temukan Izin Stockpile Tambang Pasir Tak Lengkap";"None"
"5615";"165";"1";"Alami Gangguan Jiwa, Seorang Suami di Gunungkidul Lukai Istri";"None"
"5616";"166";"1";"Tiga Tahun Terakhir, Peredaran Upal di Cirebon Terus Menurun";"None"
"5617";"167";"1";"Dirjen PAS Isyaratkan Perlu Ada Fasilitas Suami-Istri Bagi Napi";"None"
"5618";"168";"1";"Polisi Sebut Kecelakaan KA Jayabaya Vs Mobil Akibat Kelalaian Sopir";"None"
"5619";"169";"1";"Tas Mewah dari Wahid Husen, Dirjen PAS: Demi Allah Baru Lihat";"None"
"5620";"170";"1";"Tangkap 2 Pemburu Hewan Langka, Polisi Selamatkan 79 Kukang Jawa";"None"
"5621";"171";"1";"ASN Pencatut Nama Gubernur Ganjar untuk Pungli Akhirnya Dipecat";"None"
"5622";"172";"1";"Sebelum Dibekuk, Caleg Gerindra yang Nyabu Sudah Diincar Polisi";"None"
"5623";"173";"1";"Barang Mewah di Sel Napi Sukamiskin, Dirjen PAS: Petugas Sulit Tolak";"None"
"5624";"174";"1";"Sudah Rp 12 M Digelontorkan untuk Nguruk Galian Basemen RS Siloam";"None"
"5625";"175";"1";"Bawaslu Jabar akan Kaji Dugaan Pelanggaran Pose 1 Jari Ridwan Kamil";"None"
"5626";"176";"1";"Surabaya Kembali Raih Peringkat Pertama Kota Cerdas 2018";"None"
"5627";"177";"1";"Rekaman Dirjen PAS dan Wahid Husein Bahas Setnov Diputar di Sidang";"None"
"5628";"178";"1";"Begini Jurus Pencuri yang Dikira Babi Ngepet saat Kepergok Warga";"None"
"5629";"179";"1";"Soal Penyitaan Buku PKI, Romo Benny: Hentikan Penghancuran Nalar";"None"
"5630";"180";"1";"Genangan Air Makin Tinggi, Jalan Raya Porong Lama Ditutup";"None"
"5631";"181";"1";"Waspada Trafficking, Wanita Jabar Jangan Tergiur Gaji Fantastis";"None"
"5632";"182";"1";"Gunung Merapi kembali Luncurkan Lava Pijar";"None"
"5633";"183";"1";"Lawan OSO, Warga Yogya Hadiahi Bawaslu DIY Jebakan Tikus";"None"
"5634";"184";"1";"Motor Tergelincir, Polisi Tewas Terlindas Truk di Bandung Barat";"None"
"5635";"185";"1";"Harusnya Wajib Lapor, Kemana Vanessa Angel dan Avriellia Shaqqila?";"None"
"5636";"186";"1";"Polisi Sebut Artis Prostitusi Online Berumur di Bawah 30 Tahun";"None"
"5637";"187";"1";"1 Bocah Tewas Tertimbun Longsor di Proyek Rel Ganda Sukabumi";"None"
"5638";"188";"1";"Lawan Putusan MA, Wisnu Wardhana Ajukan PK";"None"
"5639";"189";"1";"Cara Muncikari Tawarkan Jasa Artis Terungkap";"None"
"5640";"190";"1";"Penjelasan Karutan Solo soal Tahanan Pakai Perban Pascakeributan";"None"
"5641";"191";"1";"Sambutan Antusias untuk Seniman Banyuwangi di Festival Janadriyah";"None"
"5642";"192";"1";"Pengakuan Muncikari Online Saat Ajak Artis: Tak Ada Iming-iming";"None"
"5643";"193";"1";"Pascakeributan di Rutan Solo, 6 Napi Dipindah ke Polda Jateng";"None"
"5644";"194";"1";"Jalani Sidang Pledoi, Wali Kota Blitar Bantah Terima Suap Rp 1,5 M";"None"
"5645";"195";"1";"Diduga Terima 15 Transferan dari Prostitusi, Vanessa Angel Jadi Tersangka?";"None"
"5646";"196";"1";"Mahasiswi UGM Korban Dugaan Perkosaan Sudah Diperiksa Polda Maluku";"None"
"5647";"197";"1";"Polisi di Lamongan Ajak Santri Setop Sharing Berita Hoaks";"None"
"5648";"198";"1";"Kepala Rutan Solo Beberkan Penyebab Keributan Napi vs Pembesuk";"None"
"5649";"199";"1";"Mahasiswi UGM Korban Dugaan Perkosaan Tuntut Pelaku Minta Maaf";"None"
"5650";"200";"1";"11 Rumah Tertimpa Pohon Tumbang di Banjar";"None"
"5651";"201";"1";"Grace Natalie Ajak Masyarakat Lawan Politisi Busuk Penebar Hoaks";"None"
"5652";"202";"1";"Prabowo-Sandi Ubah Visi Misi, Grace Natalie: Nggak Bisa Dipercaya";"None"
"5653";"203";"1";"Ikan Caroang Tewaskan Andri, Nelayan Pangandaran Harus Waspada";"None"
"5654";"204";"1";"PSI Ingin Youtuber hingga Gamer Tercantum di Kolom Profesi KTP";"None"
"5655";"205";"1";"Ekspose BUMD, Oded Soroti Kinerja PT BII";"None"
"5656";"206";"1";"Puluhan Rumah di Ciamis Rusak Dihantam Badai";"None"
"5657";"207";"1";"Pidato Politik, Grace Natalie Ungkit Kebohongan Prabowo-Sandi";"None"
"5658";"208";"1";"Badai Tumbangkan Pohon dan Rusak Rumah Warga di Sukabumi";"None"
"5659";"209";"1";"Ratusan Rumah Rusak Akibat Puting Beliung di Rancaekek";"None"
"5660";"210";"1";"Pemkab Banyuwangi Sambut Baik Ground Breaking Pabrik PT INKA";"None"
"5661";"211";"1";"Respons Dewan Pendidikan Atas Kasus Pelajar Hamil Lalu Bunuh Bayi";"None"
"5662";"212";"1";"6 Artis Akan Dijemput Paksa Untuk Diperiksa Kasus Prostitusi Online";"None"
"5663";"213";"1";"Baliho Roboh Tutup Jalan, Jalur Mengkreng Kediri Macet";"None"
"5664";"214";"1";"Diterpa Hujan dan Angin Kencang, Sejumlah Pohon di DIY Tumbang";"None"
"5665";"215";"1";"Dua DPO Muncikari Segera Ditangkap, Polisi: Kuncinya di 2 Orang Ini";"None"
"5666";"216";"1";"Tablig PA 212 Dihadiri Dahnil, Bawaslu: Kalau Kampanye, Ditindak";"None"
"5667";"217";"1";"Kasus Bayi Dibuang ke Kloset, Polisi Cari Ayah Biologis";"None"
"5668";"218";"1";"2 Finalis Puteri Indonesia Diduga Masuk Jaringan Prostitusi Online";"None"
"5669";"219";"1";"Diterpa Hujan Berangin, Kaca Skybridge Stasiun Balapan Solo Pecah";"None"
"5670";"220";"1";"Pembangunan Underpass Karanglo Dimulai, Lalin di Malang Direkayasa";"None"
"5671";"221";"1";"Penampakan Senjata Sitaan Polisi dari Para Pelaku Bentrok di Solo";"None"
"5672";"222";"1";"10 Orang Ditetapkan Tersangka Usai Bentrok dengan Polisi di Solo";"None"
"5673";"223";"1";"Siapa Iwan Walet yang Terlibat Kerusuhan Rutan Solo?";"None"
"5674";"224";"1";"Polisi Kejar Pelaku Lain dalam Aksi Sweeping Bersenjata di Solo";"None"
"5675";"225";"1";"Ini Wajah 10 Orang Tangkapan Polisi Solo usai Bentrok Bersenjata";"None"
"5676";"226";"1";"2 Orang Warga Tertembak dan 1 Polisi Luka dalam Bentrok di Solo";"None"
"5677";"227";"1";"3 Pohon Tumbang Disingkirkan, Lalin Jember-Banyuwangi Kembali Normal";"None"
"5678";"228";"1";"10 Orang di Solo Ditangkap Karena Bawa Senjata dan Melawan Polisi";"None"
"5679";"229";"1";"Truk Fuso Terguling Timpa City Car di Sukabumi, Sopir Terjepit";"None"
"5680";"230";"1";"Berusaha Kabur, DPO Kasus Penjambretan Didor";"None"
"5681";"231";"1";"Pegiat Lintas Agama Dukung Jokowi, Berupaya Suara Tak Tergerus Hoaks";"None"
"5682";"232";"1";"Marbot Masjid di Sukabumi Ini Tinggal di Gubuk Seluas Pos Ronda";"None"
"5683";"233";"1";"Doakan 5 Korban Tewas KA Vs Mobil, Polisi Tabur Bunga di Atas Rel";"None"
"5684";"234";"1";"Dahsyatnya Puting Beliung di Lamongan Porak-porandakan Rumah Warga";"None"
"5685";"235";"1";"Truk Tabrak Mobil Patwal, Polisi: Kesalahan Mutlak Pengemudi Truk";"None"
"5686";"236";"1";"Masih Misteri, Polisi Kesulitan Ungkap Pembunuh Siswi SMK Bogor";"None"
"5687";"237";"1";"Keliling Jateng, Sandiaga Merasa Selalu Disambut Bendera PDIP";"None"
"5688";"238";"1";"HS Tetap Ingin Wisuda di UGM Bulan Februari";"None"
"5689";"239";"1";"Sandiaga Janji Bebaskan Pajak UMKM Berbasis Industri 4.0";"None"
"5690";"240";"1";"3 Pohon Tumbang di Gumitir, Jalur Jember-Banyuwangi Macet Total";"None"
"5691";"241";"1";"SMK Siliwangi Terendam Luapan Sungai Cibandung Sukabumi";"None"
"5692";"242";"1";"Bocah 10 Tahun di Boyolali Terseret Arus Sungai yang Meluap";"None"
"5693";"243";"1";"Akui Salah, Sopir Truk yang Tabrak Mobil Patwal Minta Maaf";"None"
"5694";"244";"1";"Donor Darah di Mal Surabaya Sabet 2 Rekor MURI, Apa saja?";"None"
"5695";"245";"1";"Sempat Tertutup Longsor, Garut-Bandung via Cisewu Bisa Dilewati";"None"
"5696";"246";"1";"Tagih Janji Jokowi, 1.850 Perangkat Desa Ciamis Pergi ke Jakarta";"None"
"5697";"247";"1";"Diduga Hanyut di Sungai, Bocah 5 Tahun di Purworejo Hilang";"None"
"5698";"248";"1";"Kecewa Revitalisasi Jalan Panggung, Pegiat Sejarah Surabaya Gelar Aksi";"None"
"5699";"249";"1";"Kasus Truk Tabrak Mobil Patwal Berakhir Secara Kekeluargaan";"None"
"5700";"250";"1";"Polisi Justice League Ajak Kaum Milenial Lari Sambil Perangi Hoaks";"None"
"5701";"251";"1";"Polisi Gelar Olah TKP Bentrokan dengan Pelaku Sweeping di Solo";"None"
"5702";"252";"1";"Empat Balita Jadi Korban Serangan Monyet Liar di Lumajang";"None"
"5703";"253";"1";"1 Lagi Ular Ditangkap Pascaserangan Piton ke Warga Gunungkidul";"None"
"5704";"254";"1";"Diduga Habitat Rusak, Monyet Liar Serbu Permukiman Warga di Lumajang";"None"
"5705";"255";"1";"BPBD Imbau Warga Rancaekek Tetap Siaga Cuaca Ekstrem";"None"
"5706";"256";"1";"Sopir Terimpit Kabin di Sukabumi Gegara Tertimpa Bak Truk";"None"
"5707";"257";"1";"Sudah 33 Hari Kaki Risma Cedera, Bagaimana Kondisinya Sekarang?";"None"
"5708";"258";"1";"Marbot Kosih Tinggal di Gubuk akan Punya Rumah Baru";"None"
"5709";"259";"1";"Dukungan Alumni PTN, Timses: Politik Akal Sehat di Kubu Jokowi";"None"
"5710";"260";"1";"Awali Tahun, Ary Ginanjar 'Isi Baterai' ASN Banyuwangi";"None"
"5711";"261";"1";"Trenyuh Ganjar Pranowo Saat Ditemui Bocah Tuna Netra di Kantornya";"None"
"5712";"262";"1";"Bocah Boyolali yang Hanyut Akhirnya Ditemukan di Waduk Kedungombo";"None"
"5713";"263";"1";"Identitas Mayat Pria Mengapung Bertato 'FarisT' Terungkap";"None"
"5714";"264";"1";"Pelaku Tinggalkan Jejak Stiker Usai Keroyok Band Asal Sukabumi";"None"
"5715";"265";"1";"Fakta Baru yang Bakal Menyeret Vanessa Angel Jadi Tersangka";"None"
"5716";"266";"1";"Banyak Posko di Solo, BPN: Saking Cintanya Djoko Santoso";"None"
"5717";"267";"1";"Prostitusi Online Model di Madiun, 2 Muncikari Jadi Tersangka";"None"
"5718";"268";"1";"Kejari Geledah Kantor BPPKAD Gresik, Amankan Plt dan 13 Pegawai";"None"
"5719";"269";"1";"2 Penumpang Mobil di Banyuwangi Luka akibat Tertimpa Pohon Tumbang";"None"
"5720";"270";"1";"Pejabat Pemkot Cirebon Jadi Tersangka Korupsi Proyek Jalan";"None"
"5721";"271";"1";"BPN Ungkap Fungsi Posko Prabowo yang Nempel Warung Markobar Gibran";"None"
"5722";"272";"1";"Diperiksa 9 Jam Lebih, Vanessa Angel: Saya Serahkan ke Penyidik";"None"
"5723";"273";"1";"Baliho Caleg PSI di Tulungagung Dirusak, Disemprot Cat Tertulis 'PKI'";"None"
"5724";"274";"1";"Bagi-bagi Doorprize, Timses DPD RI di DIY Divonis Hukuman Percobaan";"None"
"5725";"275";"1";"Ngendon di Polisi, Bagaimana Kabar Kasus Persekusi Ahmad Dhani?";"None"
"5726";"276";"1";"Banyuwangi Siapkan Kantor Pelayanan Publik di Pasar Tradisional";"None"
"5727";"277";"1";"Kasus Asusila Mandeg 3 Bulan, Orangtua Korban di Blitar Lapor LBH";"None"
"5728";"278";"1";"Satu Lagi Posko Prabowo di Solo, yang Ini Nempel Warung Markobar Gibran";"None"
"5729";"279";"1";"Revitalisasi Jalan Panggung Diprotes, Ini Jawaban Pemkot Surabaya";"None"
"5730";"280";"1";"Home Industry Kosmetik Ilegal Digerebek, Pemiliknya Diamankan";"None"
"6557";"1107";"1";"Kabupaten Roten Dao Diguncang Gempa 5,2 SR";"None"
"6558";"1108";"1";"Warga Perbatasan RI-Timor Leste Serahkan Sepucuk Senjata Api Rakitan";"None"
"6559";"1109";"1";"Puncak Arus Balik Liburan Panjang, Tol Cikampek Macet Parah";"None"
"6560";"1110";"1";"Puncak Arus Balik Penumpang di Wilayah PT KAI Daop 3 Diprediksi Malam Ini";"None"
"6561";"1111";"1";"3 Pembunuh Pendeta di Wamena Ambruk Ditembak Polisi";"None"
"6562";"1112";"1";"Scaffolding DPRD Sulsel Ambruk Timpa Gedung Pengadilan Tinggi Makassar";"None"
"6563";"1113";"1";"2 Pendaki yang Tersesat di Gunung Bawakaraeng Berhasil Ditemukan";"None"
"6564";"1114";"1";"KPK Buka Masukan Publik untuk 6 Calon Sekjen yang Masuk Tahap Akhir";"None"
"6565";"1115";"1";"Sikap Nasionalisme di Negeri Asing";"None"
"6566";"1116";"1";"Penampakan Dahsyatnya Erupsi Gunung Anak Krakatau Lewat Foto Jarak Dekat";"None"
"6567";"1117";"1";"Kasus Suap Dana Hibah KONI, KPK Selisik Tugas Miftahul Ulum di Kemenpora";"None"
"6568";"1118";"1";"Fakta-Fakta Gunung Api Raksasa di Bawah Laut Sumatera";"None"
"6569";"1119";"1";"Badai Tropis Pabuk Menerjang Daratan Selatan Thailand, Warga dan Turis Dievakuasi";"None"
"6570";"1120";"1";"Akihito Turun Takhta, Nama Era Kaisar Baru Jepang Bakal Diumumkan 1 April";"None"
"6571";"1121";"1";"Heboh Baju Adat Palestina Digunakan Anggota DPR AS";"None"
"6572";"1122";"1";"Sudah 4 Hari, Dua Korban Longsor TPSA Cilowong Serang Belum Ditemukan";"None"
"6573";"1123";"1";"Digerebek Istri, Kasi Satpol PP Muaro Bungo Ketahuan Selingkuh dengan PNS";"None"
"6574";"1124";"1";"Perindo Asapi Ratusan Rumah Rawan Banjir di Tebingtinggi Sumut";"None"
"6575";"1125";"1";"Polisi Sebut Vanessa Angel Dipesan Pengusaha";"None"
"6576";"1126";"1";"Pasca Tsunami, Pandeglang Masuk Transisi dan Lampung Selatan Perpanjang Masa Tanggap Darurat";"None"
"6577";"1127";"1";"Korsleting Listrik, Mobil Berpenumpang 4 Orang Terbakar di Perimeter Bandara Soetta";"None"
"6578";"1128";"1";"Secercah Harapan dari Taman Pendidikan Alquran di Kebon Sayur";"None"
"6579";"1129";"1";"Usai Tawuran Antarwarga, Polisi Masih Berjaga di Pasar Rumput";"None"
"6580";"1130";"1";"Tawuran di Pasar Rumput, Halte Rusak Batu dan Kaca Berserakan di Jalan";"None"
"6581";"1131";"1";"Tasikmalaya Digoyang Gempa, BMKG Imbau Warga Tetap Tenang";"None"
"6582";"1132";"1";"KPK Perpanjang Masa Tahanan 5 Tersangka Suap Dana Hibah KONI";"None"
"6583";"1133";"1";"Penembakan di Konter HP Semarang Buntut Cinta Ditolak";"None"
"6584";"1134";"1";"Aher Kembali Mangkir, KPK: Sudah Ditelefon Tak Direspons";"None"
"6585";"1135";"1";"";"None"
"6586";"1136";"1";"Beredar Kabar Pembunuh Siswi SMK di Bogor Berhasil Ditangkap";"None"
"6587";"1137";"1";"Mengaku Wartawan, Pria di Kediri \"Palak\" Kepala Sekolah Rp3 Juta";"None"
"6588";"1138";"1";"Rumah Ambruk di Taman Sari, Satu Keluarga Terjebak di Reruntuhan";"None"
"6589";"1139";"1";"KPK Sinyalir Uang Suap Meikarta Mengalir untuk Pelesiran Anggota DPRD Bekasi";"None"
"6590";"1140";"1";"Pasca Teror Bom Rakitan, Rumah Ketua KPK Dijaga Ketat Polisi";"None"
"6591";"1141";"1";"Jalani Pengobatan Intensif, Ustaz Arifin Ilham Akan Dirujuk ke Penang-Malaysia";"None"
"6592";"1142";"1";"KPU: 31 Pemilih Jadi Korban Meninggal Tsunami Selat Sunda";"None"
"6593";"1143";"1";"Jual Sabu, Tukang Parkir di Kawasan GDC Depok Dibekuk";"None"
"6594";"1144";"1";"Injak Limbah \"Tai Minyak\", 2 Bocah di Bekasi Alami Luka Bakar";"None"
"6595";"1145";"1";"KSAD Minta Dispenad Lebih Kreatif & Inovatif Dukung TNI AD";"None"
"6596";"1146";"1";"Polri Diminta Ungkap Aktor Intelektual Hoax Surat Suara";"None"
"6597";"1147";"1";"Anak Eddy Sindoro Ralat Kesaksian soal Lucas di Persidangan";"None"
"6598";"1148";"1";"Ngecak Sabu 4 Kg di Kamar Hotel, Pasutri Ditangkap Petugas BNN";"None"
"6599";"1149";"1";"Kunjungi Lokasi Longsor Sukabumi, Kepala BNPB Ajak Semua Pihak Kurangi Risiko Bencana";"None"
"6600";"1150";"1";"Pekan Depan Ribuan Pengemudi Ojek Online Serbu Istana Negara";"None"
"6601";"1151";"1";"Usai Gasak Motor, Pelaku Begal Tewas Terjatuh di Bintaro";"None"
"6602";"1152";"1";"Nukman Luthfie Meninggal Dunia, Anies: Terima Kasih atas Ilmunya untuk Pemprov DKI";"None"
"6603";"1153";"1";"Pengamat Media Sosial Nukman Luthfie Meninggal Dunia";"None"
"6604";"1154";"1";"Pelaksanaan Reforma Agraria di Era Jokowi-JK Tuai Pujian";"None"
"6605";"1155";"1";"Bebas Usai Kericuhan di Rutan Solo, Rumah Iwan Walet Dirusak Massa Berpedang";"None"
"6606";"1156";"1";"Merapi Muntahkan Lava 6 Kali dalam 30 Menit, Warga Diminta Tenang";"None"
"6607";"1157";"1";"Speed Boat Dihantam Gelombang Laut, 1 Orang Hilang";"None"
"6608";"1158";"1";"Warga Bekasi Gembira Ikuti Kelas Memasak dari Caleg Perindo";"None"
"6609";"1159";"1";"Naik Motor Bonceng 4, Satu Keluarga Masuk Jurang Tewaskan Dua Orang";"None"
"6610";"1160";"1";"Satgas Antimafia Bola Tetapkan Vigit Waluyo Jadi Tersangka";"None"
"6611";"1161";"1";"Seskoal Selenggarakan Pendidikan Reguler Angkatan ke-57";"None"
"6612";"1162";"1";"Sering Nonton Film Porno, Faris Cabuli 2 Keponakannya";"None"
"6613";"1163";"1";"Polisi Kembali Tetapkan 5 Tersangka Baru Terkait Mafia Bola";"None"
"6895";"1445";"1";"BMKG Pasang Sensor Pemantau Tsunami di Sekitar Gunung Anak Krakatau";"None"
"6896";"1446";"1";"Kaleidoskop 2018: Tiga Kasus Pembunuhan Sadis yang Hebohkan Warga Blora";"None"
"6897";"1447";"1";"Operasi Lilin 2018, Jumlah Kasus dan Korban Kecelakaan Lalu Lintas Turun";"None"
"6898";"1448";"1";"Pelantikan Kepala BNPB Rabu Besok Ditunda";"None"
"6899";"1449";"1";"Satu Keluarga Tercebur ke Sungai Saat Swafoto, Ayah dan Dua Anak Tewas";"None"
"6900";"1450";"1";"Fadli Zon Sebut Tingkat Demokrasi Indonesia Alami Kemunduran";"None"
"6901";"1451";"1";"Polisi Ringkus 7 Pencuri di Labuan Bajo";"None"
"6902";"1452";"1";"Longsor Susulan Terjadi 4 Kali Pasca-longsor Pertama yang Tewaskan 15 Orang di Sukabumi";"None"
"6903";"1453";"1";"Polri Kerahkan 60 Brimob Buru Kelompok Ali Kalora";"None"
"6904";"1454";"1";"Sandiaga: Resolusi Saya, Rakyat Bersatu Songsong Ekonomi Lebih Baik";"None"
"6905";"1455";"1";"BPBD: Gempa Pangandaran, Tak Ada Korban dan Kerusakan";"None"
"6906";"1456";"1";"Coba Panjat Tebing, Pengunjung Air Terjun Sarassa Luwu Jatuh dan Tewas";"None"
"6907";"1457";"1";"Sepanjang 2018, Maluku Diguncang 1.587 Kali Gempa";"None"
"6908";"1458";"1";"Kapal hingga Banana Boat Hilang di Kepulauan Seribu, Kerugian Rp 150 Juta";"None"
"6909";"1459";"1";"Pangandaran Diguncang Gempa 5,0 Magnitudo";"None"
"6910";"1460";"1";"Hari Pertama 2019, Jokowi Joging dan Sapa Warga di Kebun Raya Bogor";"None"
"6911";"1461";"1";"Mantan Danjen Kopassus Doni Monardo Ditunjuk Jadi Kepala BNPB";"None"
"6912";"1462";"1";"Gempa Magnitudo 5,2 Guncang Dompu, NTB";"None"
"6913";"1463";"1";"Pemkot Yogyakarta Cabut Moratorium Pembangunan Hotel Secara Terbatas";"None"
"6914";"1464";"1";"Kapal Barang Tenggelam di China, Satu Orang Tewas dan 10 Hilang";"None"
"6915";"1465";"1";"BNI Bantu Promosi KA Pangandaran Lewat Tap Cash Bergambar Kereta Api";"None"
"6916";"1466";"1";"Cek Kabar Surat Suara Sudah Dicoblos, KPU Datangi Kantor Bea Cukai Tanjung Priok";"None"
"6917";"1467";"1";"Videonya Tembakkan Pistol Viral, Anggota Parlemen Irak Dikecam";"None"
"6918";"1468";"1";"Bikin Geger Warga Jatinangor, Bayi Malang Dibuang di Kandang Sapi";"None"
"6919";"1469";"1";"Geledah Rumah Tersangka Suap Proyek Air Minum, KPK Sita Rp 1,2 Miliar";"None"
"6920";"1470";"1";"Karena Knalpot Motor, Hidup Bripka Yusuf Berakhir Tragis";"None"
"6921";"1471";"1";"Anggota Komunitas Moge di Bandung Siap Bantu Jokowi-Ma'ruf Menang di Jabar";"None"
"6922";"1472";"1";"Per Januari, Dana Sumbangan Kampanye Jokowi-Ma'ruf Rp 44 Miliar, Prabowo-Sandiaga Rp 56 Miliar";"None"
"6923";"1473";"1";"Dinkes Sulut: 68 Warga Minahasa Diduga Keracunan Mi";"None"
"6924";"1474";"1";"Pengendara Sepeda Motor Tewas Terlindas Truk di Jakarta Utara";"None"
"6925";"1475";"1";"Ban Terlepas saat Mobil Melaju, Lukai Seorang Wanita di Hong Kong";"None"
"6926";"1476";"1";"Polisi Bongkar Sindikat Maling Lintas Provinsi, Amankan Puluhan Motor";"None"
"6927";"1477";"1";"Khawatir Ganggu Pejalan Kaki, Letak Lift di JPO Bundaran Senayan Dipindah";"None"
"6928";"1478";"1";"Kali Sentiong Tercemar, DKI Harap Ada Regulasi soal Penggunaan Detergen";"None"
"6929";"1479";"1";"Tak Kunjung Dapat Restu AS, Kroasia Ancam Batal Beli F-16 dari Israel";"None"
"6930";"1480";"1";"Polisi Akan Cari Pengunggah Pertama dan Penyebar Hoaks Surat Suara Tercoblos di Medsos";"None"
"6931";"1481";"1";"Sebanyak 89 WNA Ditolak Masuk Batam pada 2018";"None"
"6932";"1482";"1";"PT NKE Akan Jual Saham dan Aset untuk Bayar Uang Pengganti Rp 85 Miliar";"None"
"6933";"1483";"1";"2019, Pemkot Jakbar Bangun 2 RPTRA dengan Anggaran Rp 4 Miliar";"None"
"6934";"1484";"1";"KPK Apresiasi Vonis Pencabutan Hak PT NKE Ikut Lelang Pemerintah";"None"
"6935";"1485";"1";"Jokowi Bagikan 2.500 Sertifikat Tanah di Blitar";"None"
"6936";"1486";"1";"Dua Wanita yang Masuk Kuil Suci di India Kini Harus Bersembunyi";"None"
"6937";"1487";"1";"Kasus Dana Perimbangan, \"Fee\" Rp 1,3 Miliar Berbentuk Kartu ATM";"None"
"6938";"1488";"1";"UPDATE: Total Korban Longsor di Sukabumi yang Ditemukan Jadi 18 Orang";"None"
"6939";"1489";"1";"Pemkot Bekasi Minta Kementerian PURP Prioritaskan Pembangunan Tanggul Kali Bekasi";"None"
"6940";"1490";"1";"Tarif Rp 4.000, Pendapatan Transpatriot Bekasi Ditargetkan Capai Rp 1 M Setahun";"None"
"6941";"1491";"1";"Usai Lakukan Pembunuhan, Suami Bawa Jenazah Istrinya Berkeliling 3 Kota";"None"
"6942";"1492";"1";"Badai Mendekat, Puluhan Ribu Turis Tinggalkan Pulau Wisata Thailand";"None"
"6943";"1493";"1";"Cerita Tjahjo Kumolo saat PDI-P 10 Tahun Menjadi Oposisi";"None"
"6944";"1494";"1";"Hakim Cabut Hak PT NKE Ikuti Lelang Proyek Pemerintah Selama 6 Bulan";"None"
"6945";"1495";"1";"Jokowi: Surat Suara Belum Dicetak, Sudah Muncul Fitnah";"None"
"6946";"1496";"1";"Huntara Belum Jadi, 1071 KK di Pandeglang Tinggal di Pengungsian";"None"
"6947";"1497";"1";"Biografi Tokoh Dunia: Momofuku Ando, Pencipta Mi Instan hingga Mi Cup";"None"
"6948";"1498";"1";"Bawa Lari Remaja Putri, Pemuda ini Ditangkap Polisi";"None"
"6949";"1499";"1";"Libur Panjang Akhir Tahun, Pasar Klewer Solo Diserbu Pembeli";"None"
"6950";"1500";"1";"Bambang Widjojanto dan Koordinator ICW Dicoret dari Daftar Panelis Debat Pilpres";"None"
"6951";"1501";"1";"Berkas Kasus Vlog Idiot Lengkap, Penahanan Ahmad Dhani Tergantung Penyidik";"None"
"6952";"1502";"1";"Tahun Ini, Sekolah Lapang Gempa di Wilayah Rawan Digiatkan";"None"
"6953";"1503";"1";"Bagikan 2.500 Sertifikat di Ponorogo, Jokowi Kembali Curhat Soal Tudingan Dirinya PKI";"None"
"6954";"1504";"1";"Napi Selingkuhan Brigpol DS di Lampung Ternyata Polisi Gadungan";"None"
"6955";"1505";"1";"Ini 6 Pemenang Sementara Tender Surat Suara Pemilu";"None"
"6956";"1506";"1";"Timses Jokowi Usul Debat Langsung Adu Visi Misi Tanpa Pemaparan";"None"
"6957";"1507";"1";"Demokrat Buang Kebohongan Award dari PSI ke Tong Sampah";"None"
"6958";"1508";"1";"Risma Tambah 10 Unit Suroboyo Bus, Minggu Ini Bakal Dioperasikan";"None"
"6959";"1509";"1";"Luput Pengawasan Orangtua, Bocah 3 Tahun Tewas Terlindas Truk";"None"
"6960";"1510";"1";"Menristek Dikti: Tak Ada Mahasiswa RI Jalani Kerja Paksa di Taiwan";"None"
"6961";"1511";"1";"270 Peti Kemas Jatuh dari Kapal Kargo Terbesar, Ini Dampaknya...";"None"
"6962";"1512";"1";"Keluarga Korban Lion Air Mengaku Dipersulit Cairkan Dana Asuransi";"None"
"6963";"1513";"1";"KPU Kirim Daftar Pertanyaan ke Pasangan Calon Sepekan Sebelum Debat";"None"
"6964";"1514";"1";"Mengaku Hampir Tak Punya Aset, Presiden Meksiko Tunjukkan Isi Dompetnya";"None"
"6965";"1515";"1";"Pemberdayaan Masyarakat, ITB Buat Sistem Aquaponik di Desa Cinangsi";"None"
"6966";"1516";"1";"Polisi Ajukan Perpanjangan Penahanan 4 Tersangka Pengaturan Skor";"None"
"6967";"1517";"1";"Dua Polisi Indonesia Dilaporkan Berupaya Lakukan Penangkapan Tanpa Izin di Singapura";"None"
"6968";"1518";"1";"Website UGM Raih Penghargaan dari Kemenristekdikti";"None"
"6969";"1519";"1";"Berkarya Minta Pihak yang Dibesarkan Soeharto Sumbang Partai";"None"
"6970";"1520";"1";"Masa Penahanan 4 Oknum PSSI Tersangka Pengaturan Skor Diperpanjang";"None"
"6971";"1521";"1";"2 Korban Tanah Longsor Sukabumi Belum Ditemukan";"None"
"6972";"1522";"1";"Gunung Karangetang Terus Keluarkan Suara Gemuruh Disertai Abu Vulkanik";"None"
"6973";"1523";"1";"Mahasiswa UI Buat Inovasi Platform Berdonasi Tanpa Uang";"None"
"6974";"1524";"1";"Jalan Margonda di Depok Hanya Macet saat Akhir Pekan, Ini Penyebabnya";"None"
"6975";"1525";"1";"Terjadi Penembakan di Arena Bowling di California, Tiga Orang Tewas";"None"
"6976";"1526";"1";"Mantan Komisioner KPU: Aneh, Pertanyaan Debat Pilpres Disampaikan Lebih Dulu";"None"
"6977";"1527";"1";"Zona Waspada Tsunami di Selat Sunda Masih 500 Meter dari Tepi Pantai";"None"
"6978";"1528";"1";"Polisi: Sekali Kencan dengan Artis VA, Tarifnya Rp 80 Juta";"None"
"6979";"1529";"1";"Badai Tropis Pabuk Terjang Thailand, Lima Orang Dilaporkan Tewas";"None"
"6980";"1530";"1";"Tanggapan Ketua Komisi V soal Penumpang Lion Air Harus Bayar Bagasi";"None"
"6981";"1531";"1";"Hari Kelima Pencarian, Pendaki yang Hilang di Gunung Lawu Belum Ditemukan";"None"
"6982";"1532";"1";"Sebelum Turun Takhta, Sultan Muhammad V Disebut Nikahi Mantan Miss Moscow";"None"
"6983";"1533";"1";"1 Orang Tewas akibat Kebakaran di Jelambar";"None"
"6984";"1534";"1";"Operasi Pencarian Korban Longsor Sukabumi Ditutup, Satu Orang Tidak Ditemukan";"None"
"6985";"1535";"1";"Gunung Karangetang Keluarkan Guguran Lava dan Suara Gemuruh";"None"
"6986";"1536";"1";"Hadiri Harlah PPP, Ma'ruf Amin Kenang Dirinya Saat Jadi Anggota DPRD DKI";"None"
"6987";"1537";"1";"Polisi Tetapkan 2 Mucikari sebagai Tersangka Kasus Prostitusi \"Online\"";"None"
"6988";"1538";"1";"Harimau ke Pemukiman Warga Mangsa Sapi, BKSDA Pasang Kamera Pemantau";"None"
"6989";"1539";"1";"Komentar Ma'ruf Amin soal Pemberian Pertanyaan Sebelum Debat";"None"
"6990";"1540";"1";"Potensi Pariwisata Waduk Jatigede Terganjal Buruknya Infrastruktur Jalan";"None"
"6991";"1541";"1";"Polisi Sita Ponsel hingga Celana Artis VA atas Kasus Prostitusi \"Online\"";"None"
"6992";"1542";"1";"Ditolak Masuk Thailand, Perempuan Saudi Takut Dibunuh jika Dipulangkan";"None"
"6993";"1543";"1";"Kronologi Penganiayaan Berujung Tewasnya Penghuni Apartemen Green Pramuka City";"None"
"6994";"1544";"1";"Pembunuh Nurhayati Merupakan Mantan Sekuriti Green Pramuka City";"None"
"6995";"1545";"1";"Perbaikan Tanggul Kali Bekasi di Jalan Raya Cipendawa Rampung Akhir 2019";"None"
"6996";"1546";"1";"30 Orang Tewas akibat Tambang Emas Runtuh di Afghanistan";"None"
"6997";"1547";"1";"Kemenkes Beri Tenggat hingga Akhir Juni 2019 untuk Akreditasi Rumah Sakit";"None"
"6998";"1548";"1";"ICJR Kecewa Pemerintah Cabut Layanan BPJS Kesehatan bagi Korban Tindak Pidana";"None"
"6999";"1549";"1";"Dua Mucikari Prostitusi \"Online\" Ditangkap di Bandung";"None"
"7000";"1550";"1";"Viral Foto Anak Naiki Penyu di Sabah, Otoritas Malaysia Gelar Penyelidikan";"None"
"7001";"1551";"1";"Fadli Zon Anggap Aneh KPU Berikan Daftar Pertanyaan Sebelum Debat";"None"
"7002";"1552";"1";"KPK: Lelang 12 Proyek Air Minum PUPR Diatur supaya Dimenangkan 2 Perusahaan Saja";"None"
"7003";"1553";"1";"Sejumlah Wilayah di Jakarta dan Depok Mati Listrik, Ini Penyebabnya";"None"
"7004";"1554";"1";"Hajar Polisi saat Unjuk Rasa Rompi Kuning di Paris, Mantan Petinju Ditahan";"None"
"7005";"1555";"1";"PAUD Diimbau Tidak Tuntut Anak Menguasai Calistung";"None"
"7006";"1556";"1";"Kubu Prabowo-Sandiaga Bantah Minta Daftar Pertanyaan Diberi Sepekan Sebelum Debat";"None"
"7007";"1557";"1";"Ketua RT Tikam Sepupu karena Korban Diduga Selingkuh dengan Istrinya";"None"
"7008";"1558";"1";"DKI Jakarta akan Laksanakan PPDB di Bulan Mei 2019";"None"
"7009";"1559";"1";"BPJS Kesehatan Bantah Defisit Jadi Alasan Pemutusan Kontrak dengan Rumah Sakit";"None"
"7010";"1560";"1";"Pukul Sopir Transjakarta di Pasar Rebo, Pengemudi Cayla Meminta Maaf";"None"
"7011";"1561";"1";"Selama 2 Jam, Anies Klarifikasi soal Pengacungan Simbol Nomor Urut Prabowo-Sandiaga";"None"
"7012";"1562";"1";"Polisi Bekuk Dua Pengedar, Ratusan Butir Ekstasi Disita";"None"
"7013";"1563";"1";"\"Tim Kartini\" UGM Raih Juara Kompetisi ICT di Korea Selatan";"None"
"7014";"1564";"1";"Mesir Tutup Gerbang Perbatasan dengan Gaza yang Dikuasai Hamas";"None"
"7015";"1565";"1";"Meludah Sembarangan di Kirgistan, Siap-siap Didenda Rp 1 Juta";"None"
"7016";"1566";"1";"Viral, Video Siswa Sekolah Swasta Merokok di Kelas Saat Belajar";"None"
"7017";"1567";"1";"Kolaborasi Penelitian Profesor Unair dan Jepang";"None"
"7018";"1568";"1";"Seminggu Tak Ketemu, Pencarian Pendaki Hilang di Gunung Lawu Dihentikan";"None"
"7019";"1569";"1";"Sebuah Rumah di Tamansari Roboh, 8 Orang Sempat Terjebak";"None"
"7020";"1570";"1";"Jika Terpilih Jadi Presiden, Prabowo Berencana Bentuk Kementerian Khusus Tangani Bencana";"None"
"7021";"1571";"1";"Hamili Siswi SMP, Seorang Petani di Kupang Ditangkap";"None"
"7022";"1572";"1";"Dinyatakan Tak Bersalah Usai Dipenjara 25 Tahun, Pria Ini Dapat Ganti Rugi Rp 9 Miliar";"None"
"7023";"1573";"1";"Dua Bocah Tewas dalam Kebakaran di Ambon";"None"
"7024";"1574";"1";"Rabu Besok, Dirjen PAS Akan Bersaksi di Sidang Kasus Mantan Kalapas Sukamiskin";"None"
"7025";"1575";"1";"Ketua DPRD Bombana Cabut Badik, Rapat Internal Jadi Ricuh";"None"
"7026";"1576";"1";"JPO Sumarno Jadi Lokasi Swafoto Baru Warga di Jakarta Timur";"None"
"7027";"1577";"1";"Prabowo: Kita Harus Waspada, Ada Saja yang Korupsi Bantuan Bencana";"None"
"7028";"1578";"1";"KPAI: Pendidikan Mitigasi Bencana Akan Sia-sia Tanpa Simulasi";"None"
"7029";"1579";"1";"Jaksa Sebut Terdakwa Teroris Asal Blitar Latihan Fisik di Pantai";"None"
"7030";"1580";"1";"Sri Sultan Ingin Bandara Baru Yogyakarta Mempertahankan Nama NYIA";"None"
"7031";"1581";"1";"Laode dan Keluarga Berada di Rumah Saat Pelemparan Bom Molotov Terjadi";"None"
"7032";"1582";"1";"China Butuh Setidaknya Tiga Kapal Induk untuk Lindungi Garis Pantainya";"None"
"7033";"1583";"1";"Amnesty Indonesia: Teror ke Pimpinan KPK, Serangan terhadap Pembela HAM";"None"
"7034";"1584";"1";"Ratusan Imigran di Pusat Penampungan di Australia Gelar Aksi Mogok Makan";"None"
"7035";"1585";"1";"Korban Penipuan Lelang Kendaraan Bekas PT Pupuk Kujang Berjumlah 25 Orang";"None"
"7036";"1586";"1";"Kemensos Anggarkan Rp 631,1 Miliar untuk Tangani Bencana di Sulteng, NTB, Banten-Lampung";"None"
"7037";"1587";"1";"WP KPK: Teror Kepada Pimpinan dan Pegawai Tak Akan Ciutkan Nyali Kami";"None"
"7038";"1588";"1";"170 Siswa Sekolah Indonesia Luar Negeri Jadi Duta Festival Janadriyah";"None"
"7039";"1589";"1";"Titin, Wanita Penderita Obesitas Hampir 300 Kg Ditawari Operasi Gratis";"None"
"7040";"1590";"1";"BRT Baru Jangkau 23 Persen Wilayah DKI Jakarta";"None"
"7041";"1591";"1";"Ada \"Dissenting Opinion\" dalam Putusan Bawaslu soal Kasus OSO";"None"
"7042";"1592";"1";"Ramah Disabilitas, JPO Bundaran Senayan Dipasangi Lift dan \"Guiding Block\"";"None"
"7043";"1593";"1";"ICW Pertanyakan Transparansi Sumbangan Dana Kampanye Prabowo-Sandi";"None"
"7044";"1594";"1";"10 Warga Bima Keracunan Usai Menyantap Jamur";"None"
"7045";"1595";"1";"Dianggap Hina Mantan Raja Malaysia di Media Sosial, Tiga Orang Ditahan";"None"
"7046";"1596";"1";"PKS dan Gerindra Sepakati \"Fit and Proper Test\" Cawagub DKI";"None"
"7047";"1597";"1";"Dedi Mulyadi: Tidak Ada Warga Jabar Tak Makan karena Kekurangan Beras";"None"
"7048";"1598";"1";"KPU Terbukti Tak Langgar Unsur Pidana Pemilu atas Kasus OSO";"None"
"7049";"1599";"1";"Hiu Serang Seorang Wanita dan Anak Perempuan di Australia";"None"
"7050";"1600";"1";"Benarkah Anak Nakal Cenderung Sukses? Ini Hasil Penelitiannya...";"None"
"7051";"1601";"1";"Biografi Tokoh Dunia: Kim Jong Un, Pemimpin Tertinggi Ketiga Korut";"None"
"7052";"1602";"1";"Telanjang di Depan Pintu Apartemen, Seorang Pria di Singapura Dipenjara";"None"
"7053";"1603";"1";"Ditemukan Penggelembungan Suara, Massa Pendukung Calon yang Kalah Tuntut Pilkades Ulang";"None"
"7054";"1604";"1";"Obor Rakyat Disebut Bakal Terbit Lagi, Ini Kata Sekjen PDI-P";"None"
"7055";"1605";"1";"Mahasiswa Diminta Jangan Hanya Andalkan Ilmu di Kuliah Saja";"None"
"7056";"1606";"1";"Bupati Bengkulu Selatan Dituntut 7 Tahun Penjara";"None"
"7057";"1607";"1";"KPU Disarankan Buat \"Call Center\" untuk Meminimalkan Kekacauan di Hari H Pemilu";"None"
"7058";"1608";"1";"Politeknik Didorong Banyak Berkolaborasi dengan Industri";"None"
"7059";"1609";"1";"BPN Prabowo-Sandiaga Minta Relawan Gelar Nonton Bareng Debat Capres";"None"
"7060";"1610";"1";"Tentara China Jalani Lebih dari 18.000 Latihan Militer Selama 2018";"None"
"7061";"1611";"1";"Digerebek Istri Sekamar dengan Mahasiswi, Dosen Ini Dilaporkan ke Polisi";"None"
"7062";"1612";"1";"Ayah Pengendara Motor yang Ditabrak Mercy Minta Hakim Bebaskan Terdakwa";"None"
"7063";"1613";"1";"Jokowi Minta Pengusaha Contoh Perjuangan CEO Bukalapak Achmad Zaky";"None"
"7064";"1614";"1";"Ini Respons Jokowi Saat Mendapati Ibu-ibu Bayar Listrik Pakai Uang PKH...";"None"
"7065";"1615";"1";"Wapres Kalla Yakin Perekonomian Indonesia Tak Akan Terganggu di Tahun Pemilu";"None"
"7066";"1616";"1";"Diputus Tak Bersalah oleh Bawaslu, Anies Bicara soal Akal Sehat";"None"
"7067";"1617";"1";"Tiga Kendaraan Tersapu Banjir Kali Waebobo di Manggarai Timur NTT";"None"
"7068";"1618";"1";"Lurah Belum Tahu Rencana Dimulainya Pembangunan \"Flyover\" Bintaro Permai";"None"
"7069";"1619";"1";"Putri Indonesia Lingkungan Usulkan Peserta Pemilu Daur Ulang Alat Peraga Kampanye";"None"
"7070";"1620";"1";"Adik dari Pegawai PLN Korban Lion Air JT 610 Terima Beasiswa hingga S1";"None"
"7071";"1621";"1";"Belum Ada Anggaran untuk Pembangunan \"Skybridge\" LRT Velodrome";"None"
"7072";"1622";"1";"Menteri Keuangan Australia Habiskan Rp 400 Juta untuk Naik Pesawat Sendirian";"None"
"7073";"1623";"1";"PSI Ucapkan Selamat Menghirup Udara Bebas kepada Ahok";"None"
"7074";"1624";"1";"2020, Pembangunan \"Flyover\" dan \"Underpass\" Bulak Kapal Bekasi Dimulai";"None"
"7075";"1625";"1";"Kasus Pijat Ilegal WNA di Palembang, Kemenkum HAM Sumsel Cari Pasiennya";"None"
"7076";"1626";"1";"Program Maghrib Mengaji di Jaksel Dianggarkan Rp 500.000 Tiap Digelar";"None"
"7077";"1627";"1";"Cegah Kenakalan Remaja, Pemkot Jaksel Gelar Program Maghrib Mengaji";"None"
"7078";"1628";"1";"Diduga Terjadi Pencemaran, Polisi Tutup Operasi Perusahan Tambang di Gunung Botak";"None"
"7079";"1629";"1";"Hadiri Natal Bersama, Anies Ingatkan Persatuan";"None"
"7080";"1630";"1";"Dalam Dakwaan Tiga Pejabat Sinarmas, Jaksa Sebut Peran Petinggi PT SMART";"None"
"7081";"1631";"1";"AS Telah Memulai Proses Penarikan Pasukannya dari Suriah";"None"
"7082";"1632";"1";"Pakar Media Sosial Nukman Luthfie Meninggal di Yogyakarta";"None"
"7083";"1633";"1";"Polisi Tangkap 10 Orang yang Diduga Akan Melakukan \"Sweeping\" di Solo";"None"
"7084";"1634";"1";"Lebih dari 20 Relawan Bantu Angkat Titin, Penderita Obesitas 300 Kg";"None"
"7085";"1635";"1";"Fakta di Balik Cerita Risma Angkat Anak Asuh";"None"
"7086";"1636";"1";"Gempa Magnitudo 5,1 Guncang Manggarai Barat";"None"
"7087";"1637";"1";"Mobil Avanza Terbakar di Tol Dalam Kota Semanggi";"None"
"7088";"1638";"1";"5 Fakta Kasus Pijat Ilegal oleh WNA, Pelanggan dari Kalangan Artis hingga Untung Rp 1 Miliar Per Hari";"None"
"7089";"1639";"1";"Kisah Petani Bawang Merah di Magetan yang Merugi Saat Harga Tinggi...";"None"
"7090";"1640";"1";"Warga Ditemukan Tewas di Sawah, Diduga Keracunan Obat Pembasmi Hama";"None"
"7091";"1641";"1";"Drainase Tersumbat, Ratusan Rumah di Pangkal Pinang Terendam Banjir";"None"
"7092";"1642";"1";"Kasus WNA Buka Praktik Pijat Ilegal, Chris Leong Sempat Dideportasi di Jakarta";"None"
"7093";"1643";"1";"Pria Ini Curi Uang Rp 19 Juta dari Korban yang Sedang Shalat";"None"
"7094";"1644";"1";"Sandiaga: Hampir di Setiap Titik Kunjungan Saya Disambut Baliho PDI-P";"None"
"7095";"1645";"1";"Mangga Indramayu dan Eksploitasi Tubuh Perempuan";"None"
"7096";"1646";"1";"Jokowi Sebut 4 Tahun Pemerintahannya Tidak Hanya Bangun Infrastruktur";"None"
"7097";"1647";"1";"Lama Dinanti, Pembentukan Tim Gabungan Kasus Novel Baswedan Justru Tuai Kritik...";"None"
"7098";"1648";"1";"Pembobol Rumah di Alam Sutera Bergaya Perlente agar Tak Dicurigai";"None"
"7099";"1649";"1";"Babinsa Jaga Rumah dan Bantu Pindahkan Barang Berharga Korban Banjir Jatinangor";"None"
"7100";"1650";"1";"Sebanyak 105 TKI Asal NTT Meninggal di Luar Negeri Sepanjang 2018";"None"
"7101";"1651";"1";"Israel Klaim Telah Temukan Semua Terowongan Hezbollah dari Lebanon";"None"
"7102";"1652";"1";"Tes Mengaji Calon Presiden di Aceh pada 15 Januari Dipastikan Batal";"None"
"7103";"1653";"1";"Bangkai Paus Raksasa Terdampar di Pesisir Pantai Pulau Buru";"None"
"7104";"1654";"1";"Cak Imin Optimistis PKB Satu-satunya Partai Nasionalis Religius yang Masuk 3 Besar";"None"
"7105";"1655";"1";"Video Memeluk Seorang Pria Viral, Mahasiswi Mesir Dikeluarkan dari Kampus";"None"
"7106";"1656";"1";"Sungai Cikeruh Meluap, Ratusan Rumah di Jatinangor Terendam Banjir";"None"
"7107";"1657";"1";"Hendak Tawuran, 26 Anak di Bawah Umur Diciduk Polisi di Cengkareng";"None"
"7108";"1658";"1";"Instruksi Prabowo untuk Relawan pada 17 April 2019";"None"
"7109";"1659";"1";"Gubernur Bengkulu dan 9 Bupati Deklarasi Pemenangan Jokowi-Ma'ruf";"None"
"7110";"1660";"1";"Warga Gunungkidul Kembali Tangkap Ular Piton";"None"
"7111";"1661";"1";"Bermain Korek Api di Dalam Kontainer, Bocah Usia 8 Tahun Hangus Terbakar";"None"
"7112";"1662";"1";"Fikom Unpad Raih Juara Kompetisi Komunikasi di Malaysia";"None"
"7113";"1663";"1";"Prabowo: Gue Elite yang Sadar...";"None"
"7114";"1664";"1";"Pelaku UMKM Akan Diseleksi untuk Berjualan di Stasiun MRT Jakarta";"None"
"7115";"1665";"1";"Maret, Dua Unit Jet Tempur F-35A Tiba di Korea Selatan";"None"
"7116";"1666";"1";"Ditahan di Bandara karena Dikira TKI, Mahasiswi Yogyakarta Lapor Polisi";"None"
"7117";"1667";"1";"Sebar Foto Telanjang Wanita yang Menolaknya, Pria Bangladesh Dipenjara 4 Bulan";"None"
"7118";"1668";"1";"12 Waktu yang Tepat Memeluk Anak dan Manfaatnya";"None"
"7119";"1669";"1";"Satu Gadis Model Foto Korban Prostitusi \"Online\" Merasa Ditipu Mucikari";"None"
"7120";"1670";"1";"Perusahaan Jepang Akan Investasi Budi Daya Ikan di Sulawesi Selatan";"None"
"7121";"1671";"1";"Kota Surabaya Jadi Satu-satunya Peraih Adipura Kencana";"None"
"7122";"1672";"1";"Prabowo Janji Lobi Saudi supaya Indonesia Punya Gedung Khusus Jemaah Haji dan Umroh";"None"
"7123";"1673";"1";"Jokowi Minta Seluruh Daerah Rawan Bencana Dipasangi Tanda Peringatan";"None"
"7124";"1674";"1";"\"Jembatan Ombak\" Kreasi Mahasiswa ITS";"None"
"7125";"1675";"1";"KPK Cermati Keterangan Bupati Bekasi soal Mendagri di Persidangan Kasus Meikarta";"None"
"7126";"1676";"1";"BNPB Usul ke Presiden Alat Pendeteksi Bencana Dijaga TNI";"None"
"7127";"1677";"1";"Dipugar, 2 Kuburan yang Dipindahkan karena Beda Pilihan Caleg";"None"
"7128";"1678";"1";"Racun Saraf Novichok Dimasukkan dalam Daftar Zat Terlarang";"None"
"7129";"1679";"1";"2.512 Mahasiswa Undip Siap Jalankan Program Pengabdian Masyarakat";"None"
"7130";"1680";"1";"Prabowo: Petani Sedih Banjir Impor Saat Mereka Panen";"None"
"7131";"1681";"1";"Dua Mucikari Gadis Model Foto di Madiun Jadi Tersangka";"None"
"7132";"1682";"1";"Jadi Calo CPNS, 4 ASN Magetan Diturunkan Jabatan dan Diminta Pensiun Dini";"None"
